file_dir,file_name,year,month
D:/HP Computer Backup\Others\2020\01-ThePabbathis\01-Family\02-Memories\01-Pictures\2000-2009\2006\Memorial Day Weekend,DSCF0007.JPG,2001,01
D:/HP Computer Backup\Others\2020\01-ThePabbathis\01-Family\02-Memories\01-Pictures\2000-2009\2006\Memorial Day Weekend,DSCF0045.JPG,2001,01
D:/HP Computer Backup\Others\2020\01-ThePabbathis\01-Family\02-Memories\01-Pictures\2000-2009\2006\Memorial Day Weekend,DSCF0015.JPG,2001,01
D:/HP Computer Backup\Others\2020\01-ThePabbathis\01-Family\02-Memories\01-Pictures\2000-2009\2006\Memorial Day Weekend,DSCF0009.JPG,2001,01
D:/HP Computer Backup\Others\2020\01-ThePabbathis\01-Family\02-Memories\01-Pictures\2000-2009\2006\Memorial Day Weekend,DSCF0036.JPG,2001,01
D:/HP Computer Backup\Others\2020\01-ThePabbathis\01-Family\02-Memories\01-Pictures\2000-2009\2006\Memorial Day Weekend,DSCF0016.JPG,2001,01
D:/HP Computer Backup\Others\2020\01-ThePabbathis\01-Family\02-Memories\01-Pictures\2000-2009\2006\Memorial Day Weekend,DSCF0001.JPG,2001,01
D:/HP Computer Backup\Others\2020\01-ThePabbathis\01-Family\02-Memories\01-Pictures\2000-2009\2006\Memorial Day Weekend,DSCF0010.JPG,2001,01
D:/HP Computer Backup\Others\2020\01-ThePabbathis\01-Family\02-Memories\01-Pictures\2000-2009\2006\Memorial Day Weekend,DSCF0011.JPG,2001,01
D:/HP Computer Backup\Others\2020\01-ThePabbathis\01-Family\02-Memories\01-Pictures\2000-2009\2006\Memorial Day Weekend,DSCF0037.JPG,2001,01
D:/HP Computer Backup\Others\2020\01-ThePabbathis\01-Family\02-Memories\01-Pictures\2000-2009\2006\Memorial Day Weekend,DSCF0003.JPG,2001,01
D:/HP Computer Backup\Others\2020\01-ThePabbathis\01-Family\02-Memories\01-Pictures\2000-2009\2006\Memorial Day Weekend,DSCF0013.JPG,2001,01
D:/HP Computer Backup\Others\2020\01-ThePabbathis\01-Family\02-Memories\01-Pictures\2000-2009\2006\Memorial Day Weekend,DSCF0004.JPG,2001,01
D:/HP Computer Backup\Others\2020\01-ThePabbathis\01-Family\02-Memories\01-Pictures\2000-2009\2006\Memorial Day Weekend,DSCF0047.JPG,2001,01
D:/HP Computer Backup\Others\2020\01-ThePabbathis\01-Family\02-Memories\01-Pictures\2000-2009\2006\Memorial Day Weekend,DSCF0048.JPG,2001,01
D:/HP Computer Backup\Others\2020\01-ThePabbathis\01-Family\02-Memories\01-Pictures\2000-2009\2006\Memorial Day Weekend,DSCF0049.JPG,2001,01
D:/HP Computer Backup\Others\2020\01-ThePabbathis\01-Family\02-Memories\01-Pictures\2000-2009\2006\Memorial Day Weekend,DSCF0005.JPG,2001,01
D:/HP Computer Backup\Others\2020\01-ThePabbathis\01-Family\02-Memories\01-Pictures\2000-2009\2006\Memorial Day Weekend,DSCF0038.JPG,2001,01
D:/HP Computer Backup\Others\2020\01-ThePabbathis\01-Family\02-Memories\01-Pictures\2000-2009\2006\Memorial Day Weekend,DSCF0006.JPG,2001,01
D:/HP Computer Backup\Others\2020\01-ThePabbathis\01-Family\02-Memories\01-Pictures\2000-2009\2006\Memorial Day Weekend,DSCF0052.JPG,2001,01
D:/HP Computer Backup\Others\2020\01-ThePabbathis\01-Family\02-Memories\01-Pictures\2000-2009\2006\Memorial Day Weekend,DSCF0018.JPG,2001,01
D:/HP Computer Backup\Others\2020\01-ThePabbathis\01-Family\02-Memories\01-Pictures\2000-2009\2006\Memorial Day Weekend,DSCF0053.JPG,2001,01
D:/HP Computer Backup\Others\2020\01-ThePabbathis\01-Family\02-Memories\01-Pictures\2000-2009\2006\Memorial Day Weekend,DSCF0054.JPG,2001,01
D:/HP Computer Backup\Others\2020\01-ThePabbathis\01-Family\02-Memories\01-Pictures\2000-2009\2006\Memorial Day Weekend,DSCF0039.JPG,2001,01
D:/HP Computer Backup\Others\2020\01-ThePabbathis\01-Family\02-Memories\01-Pictures\2000-2009\2006\Memorial Day Weekend,DSCF0019.JPG,2001,01
D:/HP Computer Backup\Others\2020\01-ThePabbathis\01-Family\02-Memories\01-Pictures\2000-2009\2006\Memorial Day Weekend,DSCF0056.JPG,2001,01
D:/HP Computer Backup\Others\2020\01-ThePabbathis\01-Family\02-Memories\01-Pictures\2000-2009\2006\Memorial Day Weekend,DSCF0040.JPG,2001,01
D:/HP Computer Backup\Others\2020\01-ThePabbathis\01-Family\02-Memories\01-Pictures\2000-2009\2006\Memorial Day Weekend,DSCF0041.JPG,2001,01
D:/HP Computer Backup\Others\2020\01-ThePabbathis\01-Family\02-Memories\01-Pictures\2000-2009\2006\Memorial Day Weekend,DSCF0042.JPG,2001,01
D:/HP Computer Backup\Others\2020\01-ThePabbathis\01-Family\02-Memories\01-Pictures\2000-2009\2006\Memorial Day Weekend,DSCF0020.JPG,2001,01
D:/HP Computer Backup\Others\2020\01-ThePabbathis\01-Family\02-Memories\01-Pictures\2000-2009\2006\Memorial Day Weekend,DSCF0058.JPG,2001,01
D:/HP Computer Backup\Others\2020\01-ThePabbathis\01-Family\02-Memories\01-Pictures\2000-2009\2006\Memorial Day Weekend,DSCF0021.JPG,2001,01
D:/HP Computer Backup\Others\2020\01-ThePabbathis\01-Family\02-Memories\01-Pictures\2000-2009\2006\Memorial Day Weekend,DSCF0043.JPG,2001,01
D:/HP Computer Backup\Others\2020\01-ThePabbathis\01-Family\02-Memories\01-Pictures\2000-2009\2006\Memorial Day Weekend,DSCF0059.JPG,2001,01
D:/HP Computer Backup\Others\2020\01-ThePabbathis\01-Family\02-Memories\01-Pictures\2000-2009\2006\Memorial Day Weekend,DSCF0044.JPG,2001,01
D:/HP Computer Backup\Others\2020\01-ThePabbathis\01-Family\02-Memories\01-Pictures\2000-2009\2006\Memorial Day Weekend,DSCF0022.JPG,2001,01
D:/HP Computer Backup\Others\2020\01-ThePabbathis\01-Family\02-Memories\01-Pictures\2000-2009\2006\Memorial Day Weekend,DSCF0024.JPG,2001,01
D:/HP Computer Backup\Others\2020\01-ThePabbathis\01-Family\02-Memories\01-Pictures\2000-2009\2006\Memorial Day Weekend,DSCF0060.JPG,2001,01
D:/HP Computer Backup\Others\2020\01-ThePabbathis\01-Family\02-Memories\01-Pictures\2000-2009\2006\Memorial Day Weekend,DSCF0025.JPG,2001,01
D:/HP Computer Backup\Others\2020\01-ThePabbathis\01-Family\02-Memories\01-Pictures\2000-2009\2006\Memorial Day Weekend,DSCF0061.JPG,2001,01
D:/HP Computer Backup\Others\2020\01-ThePabbathis\01-Family\02-Memories\01-Pictures\2000-2009\2006\Memorial Day Weekend,DSCF0026.JPG,2001,01
D:/HP Computer Backup\Others\2020\01-ThePabbathis\01-Family\02-Memories\01-Pictures\2000-2009\2006\Memorial Day Weekend,DSCF0027.JPG,2001,01
D:/HP Computer Backup\Others\2020\01-ThePabbathis\01-Family\02-Memories\01-Pictures\2000-2009\2006\Memorial Day Weekend,DSCF0062.JPG,2001,01
D:/HP Computer Backup\Others\2020\01-ThePabbathis\01-Family\02-Memories\01-Pictures\2000-2009\2006\Memorial Day Weekend,DSCF0028.JPG,2001,01
D:/HP Computer Backup\Others\2020\01-ThePabbathis\01-Family\02-Memories\01-Pictures\2000-2009\2006\Memorial Day Weekend,DSCF0030.JPG,2001,01
D:/HP Computer Backup\Others\2020\01-ThePabbathis\01-Family\02-Memories\01-Pictures\2000-2009\2006\Memorial Day Weekend,DSCF0032.JPG,2001,01
D:/HP Computer Backup\Others\2020\01-ThePabbathis\01-Family\02-Memories\01-Pictures\2000-2009\2006\Memorial Day Weekend,DSCF0033.JPG,2001,01
D:/HP Computer Backup\Others\2020\01-ThePabbathis\01-Family\02-Memories\01-Pictures\2000-2009\2006\Memorial Day Weekend,DSCF0035.JPG,2001,01
D:/HP Computer Backup\Others\2020\01-ThePabbathis\01-Family\02-Memories\01-Pictures\2000-2009\2006\Memorial Day Weekend,DSCF0063.JPG,2001,01
D:/HP Computer Backup\Others\2020\01-ThePabbathis\01-Family\02-Memories\01-Pictures\2000-2009\2006\Memorial Day Weekend,DSCF0064.JPG,2001,01
D:/HP Computer Backup\Others\2020\01-ThePabbathis\01-Family\02-Memories\01-Pictures\2000-2009\2006\Memorial Day Weekend,DSCF0065.JPG,2001,01
D:/HP Computer Backup\Others\2020\01-ThePabbathis\01-Family\02-Memories\01-Pictures\2000-2009\2006\Memorial Day Weekend,DSCF0066.JPG,2001,01
D:/HP Computer Backup\Others\2020\01-ThePabbathis\01-Family\02-Memories\01-Pictures\2000-2009\2006\Memorial Day Weekend,DSCF0067.JPG,2001,01
D:/HP Computer Backup\Others\2020\01-ThePabbathis\01-Family\02-Memories\01-Pictures\2000-2009\2006\Memorial Day Weekend,DSCF0068.JPG,2001,01
D:/HP Computer Backup\Others\2020\01-ThePabbathis\01-Family\02-Memories\01-Pictures\2000-2009\2006\Memorial Day Weekend,DSCF0069.JPG,2001,01
D:/HP Computer Backup\Others\2020\01-ThePabbathis\01-Family\02-Memories\01-Pictures\2000-2009\2006\Memorial Day Weekend,DSCF0072.JPG,2001,01
D:/HP Computer Backup\Others\2020\01-ThePabbathis\01-Family\02-Memories\01-Pictures\2000-2009\2006\Memorial Day Weekend,DSCF0073.JPG,2001,01
D:/HP Computer Backup\Others\2020\01-ThePabbathis\01-Family\02-Memories\01-Pictures\2000-2009\2006\Memorial Day Weekend,DSCF0074.JPG,2001,01
D:/HP Computer Backup\Others\2020\01-ThePabbathis\01-Family\02-Memories\01-Pictures\2000-2009\2006\Memorial Day Weekend,DSCF0075.JPG,2001,01
D:/HP Computer Backup\Others\2020\01-ThePabbathis\01-Family\02-Memories\01-Pictures\2000-2009\2006\Memorial Day Weekend,DSCF0076.JPG,2001,01
D:/HP Computer Backup\Others\2020\01-ThePabbathis\01-Family\02-Memories\01-Pictures\2000-2009\2006\Memorial Day Weekend,DSCF0077.JPG,2001,01
D:/HP Computer Backup\Others\2020\01-ThePabbathis\01-Family\02-Memories\01-Pictures\2000-2009\2006\Memorial Day Weekend,DSCF0078.JPG,2001,01
D:/HP Computer Backup\Others\2020\01-ThePabbathis\01-Family\02-Memories\01-Pictures\2000-2009\2006\Memorial Day Weekend,DSCF0079.JPG,2001,01
D:/HP Computer Backup\Others\2020\01-ThePabbathis\01-Family\02-Memories\01-Pictures\2000-2009\2006\Memorial Day Weekend,DSCF0080.JPG,2001,01
D:/HP Computer Backup\Others\2020\01-ThePabbathis\01-Family\02-Memories\01-Pictures\2000-2009\2006\Memorial Day Weekend,DSCF0081.JPG,2001,01
D:/HP Computer Backup\Others\2020\01-ThePabbathis\01-Family\02-Memories\01-Pictures\2000-2009\2006\Memorial Day Weekend,DSCF0082.JPG,2001,01
D:/HP Computer Backup\Others\2020\01-ThePabbathis\01-Family\02-Memories\01-Pictures\2000-2009\2006\Memorial Day Weekend,DSCF0084.JPG,2001,01
D:/HP Computer Backup\Others\2020\01-ThePabbathis\01-Family\02-Memories\01-Pictures\2000-2009\2006\Memorial Day Weekend,DSCF0085.JPG,2001,01
D:/HP Computer Backup\Others\2020\01-ThePabbathis\01-Family\02-Memories\01-Pictures\2000-2009\2006\Memorial Day Weekend,DSCF0086.JPG,2001,01
D:/HP Computer Backup\Others\2020\01-ThePabbathis\01-Family\02-Memories\01-Pictures\2000-2009\2006\Memorial Day Weekend,DSCF0087.JPG,2001,01
D:/HP Computer Backup\Others\2020\01-ThePabbathis\01-Family\02-Memories\01-Pictures\2000-2009\2006\Memorial Day Weekend,DSCF0088.JPG,2001,01
D:/HP Computer Backup\Others\2020\01-ThePabbathis\01-Family\02-Memories\01-Pictures\2000-2009\2006\Memorial Day Weekend,DSCF0089.JPG,2001,01
D:/HP Computer Backup\Others\2020\01-ThePabbathis\01-Family\02-Memories\01-Pictures\2000-2009\2006\Memorial Day Weekend,DSCF0090.JPG,2001,01
D:/HP Computer Backup\Others\2020\01-ThePabbathis\01-Family\02-Memories\01-Pictures\2000-2009\2006\Memorial Day Weekend,DSCF0091.JPG,2001,01
D:/HP Computer Backup\Others\2020\01-ThePabbathis\01-Family\02-Memories\01-Pictures\2000-2009\2006\Memorial Day Weekend,DSCF0092.JPG,2001,01
D:/HP Computer Backup\Others\2020\01-ThePabbathis\01-Family\02-Memories\01-Pictures\2000-2009\2006\Memorial Day Weekend,DSCF0093.JPG,2001,01
D:/HP Computer Backup\Others\2020\01-ThePabbathis\01-Family\02-Memories\01-Pictures\2000-2009\2006\Memorial Day Weekend,DSCF0094.JPG,2001,01
D:/HP Computer Backup\Others\2020\01-ThePabbathis\01-Family\02-Memories\01-Pictures\2000-2009\2006\Memorial Day Weekend,DSCF0095.JPG,2001,01
D:/HP Computer Backup\Others\2020\01-ThePabbathis\01-Family\02-Memories\01-Pictures\2000-2009\2006\Memorial Day Weekend,DSCF0096.JPG,2001,01
D:/HP Computer Backup\Others\2020\01-ThePabbathis\01-Family\02-Memories\01-Pictures\2000-2009\2006\Memorial Day Weekend,DSCF0097.JPG,2001,01
D:/HP Computer Backup\Others\2020\01-ThePabbathis\01-Family\02-Memories\01-Pictures\2000-2009\2006\Memorial Day Weekend,DSCF0098.JPG,2001,01
D:/HP Computer Backup\Others\2020\01-ThePabbathis\01-Family\02-Memories\01-Pictures\2000-2009\2006\Memorial Day Weekend,DSCF0099.JPG,2001,01
D:/HP Computer Backup\Others\2020\01-ThePabbathis\01-Family\02-Memories\01-Pictures\2000-2009\2006\Memorial Day Weekend,DSCF0100.JPG,2001,01
D:/HP Computer Backup\Others\2020\01-ThePabbathis\01-Family\02-Memories\01-Pictures\2000-2009\2006\Memorial Day Weekend,DSCF0101.JPG,2001,01
D:/HP Computer Backup\Others\2020\01-ThePabbathis\01-Family\02-Memories\01-Pictures\2000-2009\2006\Memorial Day Weekend,DSCF0102.JPG,2001,01
D:/HP Computer Backup\Others\2020\01-ThePabbathis\01-Family\02-Memories\01-Pictures\2000-2009\2006\Memorial Day Weekend,DSCF0103.JPG,2001,01
D:/HP Computer Backup\Others\2020\01-ThePabbathis\01-Family\02-Memories\01-Pictures\2000-2009\2006\Memorial Day Weekend,DSCF0104.JPG,2001,01
D:/HP Computer Backup\Others\2020\01-ThePabbathis\01-Family\02-Memories\01-Pictures\2000-2009\2006\Memorial Day Weekend,DSCF0105.JPG,2001,01
D:/HP Computer Backup\Others\2020\01-ThePabbathis\01-Family\02-Memories\01-Pictures\2000-2009\2006\Memorial Day Weekend,DSCF0106.JPG,2001,01
D:/HP Computer Backup\Others\2020\01-ThePabbathis\01-Family\02-Memories\01-Pictures\2000-2009\2006\Memorial Day Weekend,DSCF0107.JPG,2001,01
D:/HP Computer Backup\Others\2020\01-ThePabbathis\01-Family\02-Memories\01-Pictures\2000-2009\2006\Memorial Day Weekend,DSCF0108.JPG,2001,01
D:/HP Computer Backup\Others\2020\01-ThePabbathis\01-Family\02-Memories\01-Pictures\2000-2009\2006\Memorial Day Weekend,DSCF0109.JPG,2001,01
D:/HP Computer Backup\Others\2020\01-ThePabbathis\01-Family\02-Memories\01-Pictures\2000-2009\2006\Memorial Day Weekend,DSCF0110.JPG,2001,01
D:/HP Computer Backup\Others\2020\01-ThePabbathis\01-Family\02-Memories\01-Pictures\2000-2009\2006\Memorial Day Weekend,DSCF0111.JPG,2001,01
D:/HP Computer Backup\Others\2020\01-ThePabbathis\01-Family\02-Memories\01-Pictures\2000-2009\2006\Memorial Day Weekend,DSCF0112.JPG,2001,01
D:/HP Computer Backup\Others\2020\01-ThePabbathis\01-Family\02-Memories\01-Pictures\2000-2009\2006\Memorial Day Weekend,DSCF0113.JPG,2001,01
D:/HP Computer Backup\Others\2020\01-ThePabbathis\01-Family\02-Memories\01-Pictures\2000-2009\2006\Memorial Day Weekend,DSCF0114.JPG,2001,01
D:/HP Computer Backup\Others\2020\01-ThePabbathis\01-Family\02-Memories\01-Pictures\2000-2009\2006\Memorial Day Weekend,DSCF0115.JPG,2001,01
D:/HP Computer Backup\Others\2020\01-ThePabbathis\01-Family\02-Memories\01-Pictures\2000-2009\2006\Memorial Day Weekend,DSCF0116.JPG,2001,01
D:/HP Computer Backup\Others\2020\01-ThePabbathis\01-Family\02-Memories\01-Pictures\2000-2009\2006\Memorial Day Weekend,DSCF0117.JPG,2001,01
D:/HP Computer Backup\Others\2020\01-ThePabbathis\01-Family\02-Memories\01-Pictures\2000-2009\2006\Memorial Day Weekend,DSCF0118.JPG,2001,01
D:/HP Computer Backup\Others\2020\01-ThePabbathis\01-Family\02-Memories\01-Pictures\2000-2009\2006\Memorial Day Weekend,DSCF0119.JPG,2001,01
D:/HP Computer Backup\Others\2020\01-ThePabbathis\01-Family\02-Memories\01-Pictures\2000-2009\2006\Memorial Day Weekend,DSCF0120.JPG,2001,01
D:/HP Computer Backup\Others\2020\01-ThePabbathis\01-Family\02-Memories\01-Pictures\2000-2009\2006\Memorial Day Weekend,DSCF0121.JPG,2001,01
D:/HP Computer Backup\Others\2020\01-ThePabbathis\01-Family\02-Memories\01-Pictures\2000-2009\2006\Memorial Day Weekend,DSCF0122.JPG,2001,01
D:/HP Computer Backup\Others\2020\01-ThePabbathis\01-Family\02-Memories\01-Pictures\2000-2009\2006\Memorial Day Weekend,DSCF0123.JPG,2001,01
D:/HP Computer Backup\Others\2020\01-ThePabbathis\01-Family\02-Memories\01-Pictures\2000-2009\2006\Memorial Day Weekend,DSCF0124.JPG,2001,01
D:/HP Computer Backup\Others\2020\01-ThePabbathis\01-Family\02-Memories\01-Pictures\2000-2009\2006\Memorial Day Weekend,DSCF0125.JPG,2001,01
D:/HP Computer Backup\Others\2020\01-ThePabbathis\01-Family\02-Memories\01-Pictures\2000-2009\2006\Memorial Day Weekend,DSCF0126.JPG,2001,01
D:/HP Computer Backup\Others\2020\01-ThePabbathis\01-Family\02-Memories\01-Pictures\2000-2009\2006\Memorial Day Weekend,DSCF0127.JPG,2001,01
D:/HP Computer Backup\Others\2020\01-ThePabbathis\01-Family\02-Memories\01-Pictures\2000-2009\2006\Memorial Day Weekend,DSCF0128.JPG,2001,01
D:/HP Computer Backup\Others\2020\01-ThePabbathis\01-Family\02-Memories\01-Pictures\2000-2009\2006\Memorial Day Weekend,DSCF0129.JPG,2001,01
D:/HP Computer Backup\Others\2020\01-ThePabbathis\01-Family\02-Memories\01-Pictures\2000-2009\2006\Memorial Day Weekend,DSCF0130.JPG,2001,01
D:/HP Computer Backup\Others\2020\01-ThePabbathis\01-Family\02-Memories\01-Pictures\2000-2009\2006\Memorial Day Weekend,DSCF0131.JPG,2001,01
D:/HP Computer Backup\Others\2020\01-ThePabbathis\01-Family\02-Memories\01-Pictures\2000-2009\2006\Memorial Day Weekend,DSCF0132.JPG,2001,01
D:/HP Computer Backup\Others\2020\01-ThePabbathis\01-Family\02-Memories\01-Pictures\2000-2009\2006\Memorial Day Weekend,DSCF0133.JPG,2001,01
D:/HP Computer Backup\Others\2020\01-ThePabbathis\01-Family\02-Memories\01-Pictures\2000-2009\2006\Memorial Day Weekend,DSCF0134.JPG,2001,01
D:/HP Computer Backup\Others\2020\01-ThePabbathis\01-Family\02-Memories\01-Pictures\2000-2009\2006\Memorial Day Weekend,DSCF0135.JPG,2001,01
D:/HP Computer Backup\Others\2020\01-ThePabbathis\01-Family\02-Memories\01-Pictures\2000-2009\2006\Memorial Day Weekend,DSCF0136.JPG,2001,01
D:/HP Computer Backup\Others\2020\01-ThePabbathis\01-Family\02-Memories\01-Pictures\2000-2009\2006\Memorial Day Weekend,DSCF0137.JPG,2001,01
D:/HP Computer Backup\Others\2020\01-ThePabbathis\01-Family\02-Memories\01-Pictures\2000-2009\2006\Memorial Day Weekend,DSCF0138.JPG,2001,01
D:/HP Computer Backup\Others\2020\01-ThePabbathis\01-Family\02-Memories\01-Pictures\2000-2009\2006\Memorial Day Weekend,DSCF0139.JPG,2001,01
D:/HP Computer Backup\Others\2020\01-ThePabbathis\01-Family\02-Memories\01-Pictures\2000-2009\2006\Memorial Day Weekend,DSCF0140.JPG,2001,01
D:/HP Computer Backup\Others\2020\01-ThePabbathis\01-Family\02-Memories\01-Pictures\2000-2009\2006\Memorial Day Weekend,DSCF0141.JPG,2001,01
D:/HP Computer Backup\Others\2020\01-ThePabbathis\01-Family\02-Memories\01-Pictures\2000-2009\2006\Memorial Day Weekend,DSCF0142.JPG,2001,01
D:/HP Computer Backup\Others\2020\01-ThePabbathis\01-Family\02-Memories\01-Pictures\2000-2009\2006\Memorial Day Weekend,DSCF0143.JPG,2001,01
D:/HP Computer Backup\Others\2020\01-ThePabbathis\01-Family\02-Memories\01-Pictures\2000-2009\2006\Memorial Day Weekend,DSCF0144.JPG,2001,01
D:/HP Computer Backup\Others\2020\01-ThePabbathis\01-Family\02-Memories\01-Pictures\2000-2009\2006\Memorial Day Weekend,DSCF0145.JPG,2001,01
D:/HP Computer Backup\Others\2020\01-ThePabbathis\01-Family\02-Memories\01-Pictures\2000-2009\2006\Memorial Day Weekend,DSCF0146.JPG,2001,01
D:/HP Computer Backup\Others\2020\01-ThePabbathis\01-Family\02-Memories\01-Pictures\2000-2009\2006\Memorial Day Weekend,DSCF0147.JPG,2001,01
D:/HP Computer Backup\Others\2020\01-ThePabbathis\01-Family\02-Memories\01-Pictures\2000-2009\2006\Memorial Day Weekend,DSCF0148.JPG,2001,01
D:/HP Computer Backup\Others\2020\01-ThePabbathis\01-Family\02-Memories\01-Pictures\2000-2009\2006\Memorial Day Weekend,DSCF0149.JPG,2001,01
D:/HP Computer Backup\Others\2020\01-ThePabbathis\01-Family\02-Memories\01-Pictures\2000-2009\2006\Memorial Day Weekend,DSCF0150.JPG,2001,01
D:/HP Computer Backup\Others\2020\01-ThePabbathis\01-Family\02-Memories\01-Pictures\2000-2009\2006\Memorial Day Weekend,DSCF0151.JPG,2001,01
D:/HP Computer Backup\Others\2020\01-ThePabbathis\01-Family\02-Memories\01-Pictures\2000-2009\2006\Memorial Day Weekend,DSCF0152.JPG,2001,01
D:/HP Computer Backup\Others\2020\01-ThePabbathis\01-Family\02-Memories\01-Pictures\2000-2009\2006\Memorial Day Weekend,DSCF0153.JPG,2001,01
D:/HP Computer Backup\Others\2020\01-ThePabbathis\01-Family\02-Memories\01-Pictures\2000-2009\2006\Memorial Day Weekend,DSCF0154.JPG,2001,01
D:/HP Computer Backup\Others\2020\01-ThePabbathis\01-Family\02-Memories\01-Pictures\2000-2009\2006\Memorial Day Weekend,DSCF0155.JPG,2001,01
D:/HP Computer Backup\Others\2020\01-ThePabbathis\01-Family\02-Memories\01-Pictures\2000-2009\2006\Memorial Day Weekend,DSCF0156.JPG,2001,01
D:/HP Computer Backup\Others\2020\01-ThePabbathis\01-Family\02-Memories\01-Pictures\2000-2009\2006\Memorial Day Weekend,DSCF0157.JPG,2001,01
D:/HP Computer Backup\Others\2020\01-ThePabbathis\01-Family\02-Memories\01-Pictures\2000-2009\2006\Memorial Day Weekend,DSCF0158.JPG,2001,01
D:/HP Computer Backup\Others\2020\01-ThePabbathis\01-Family\02-Memories\01-Pictures\2000-2009\2006\Memorial Day Weekend,DSCF0159.JPG,2001,01
D:/HP Computer Backup\Others\2020\01-ThePabbathis\01-Family\02-Memories\01-Pictures\2000-2009\2006\Memorial Day Weekend,DSCF0160.JPG,2001,01
D:/HP Computer Backup\Others\2020\01-ThePabbathis\01-Family\02-Memories\01-Pictures\2000-2009\2006\Memorial Day Weekend,DSCF0161.JPG,2001,01
D:/HP Computer Backup\Others\2020\01-ThePabbathis\01-Family\02-Memories\01-Pictures\2000-2009\2006\Memorial Day Weekend,DSCF0162.JPG,2001,01
D:/HP Computer Backup\Others\2020\01-ThePabbathis\01-Family\02-Memories\01-Pictures\2000-2009\2006\Memorial Day Weekend,IMG_0012.JPG,2006,05
D:/HP Computer Backup\Others\2020\01-ThePabbathis\01-Family\02-Memories\01-Pictures\2000-2009\2006\Memorial Day Weekend,IMG_0013.JPG,2006,05
D:/HP Computer Backup\Others\2020\01-ThePabbathis\01-Family\02-Memories\01-Pictures\2000-2009\2006\Memorial Day Weekend,IMG_0014.JPG,2006,05
D:/HP Computer Backup\Others\2020\01-ThePabbathis\01-Family\02-Memories\01-Pictures\2000-2009\2006\Memorial Day Weekend,IMG_0015.JPG,2006,05
D:/HP Computer Backup\Others\2020\01-ThePabbathis\01-Family\02-Memories\01-Pictures\2000-2009\2006\Memorial Day Weekend,IMG_0017.JPG,2006,05
D:/HP Computer Backup\Others\2020\01-ThePabbathis\01-Family\02-Memories\01-Pictures\2000-2009\2006\Memorial Day Weekend,IMG_0018.JPG,2006,05
D:/HP Computer Backup\Others\2020\01-ThePabbathis\01-Family\02-Memories\01-Pictures\2000-2009\2006\Memorial Day Weekend,IMG_0024.JPG,2006,05
D:/HP Computer Backup\Others\2020\01-ThePabbathis\01-Family\02-Memories\01-Pictures\2000-2009\2006\Memorial Day Weekend,IMG_0025.JPG,2006,05
D:/HP Computer Backup\Others\2020\01-ThePabbathis\01-Family\02-Memories\01-Pictures\2000-2009\2006\Memorial Day Weekend,IMG_0026.JPG,2006,05
D:/HP Computer Backup\Others\2020\01-ThePabbathis\01-Family\02-Memories\01-Pictures\2000-2009\2006\Memorial Day Weekend,IMG_0027.JPG,2006,05
D:/HP Computer Backup\Others\2020\01-ThePabbathis\01-Family\02-Memories\01-Pictures\2000-2009\2006\Memorial Day Weekend,IMG_0028.JPG,2006,05
D:/HP Computer Backup\Others\2020\01-ThePabbathis\01-Family\02-Memories\01-Pictures\2000-2009\2006\Memorial Day Weekend,IMG_0030.JPG,2006,05
D:/HP Computer Backup\Others\2020\01-ThePabbathis\01-Family\02-Memories\01-Pictures\2000-2009\2006\Memorial Day Weekend,IMG_0031.JPG,2006,05
D:/HP Computer Backup\Others\2020\01-ThePabbathis\01-Family\02-Memories\01-Pictures\2000-2009\2006\Memorial Day Weekend,IMG_0032.JPG,2006,05
D:/HP Computer Backup\Others\2020\01-ThePabbathis\01-Family\02-Memories\01-Pictures\2000-2009\2006\Memorial Day Weekend,IMG_0101.jpg,2006,05
D:/HP Computer Backup\Others\2020\01-ThePabbathis\01-Family\02-Memories\01-Pictures\2000-2009\2006\Memorial Day Weekend,IMG_0102.jpg,2006,05
D:/HP Computer Backup\Others\2020\01-ThePabbathis\01-Family\02-Memories\01-Pictures\2000-2009\2006\Memorial Day Weekend,IMG_0103.jpg,2006,05
D:/HP Computer Backup\Others\2020\01-ThePabbathis\01-Family\02-Memories\01-Pictures\2000-2009\2006\Memorial Day Weekend,IMG_0104.jpg,2006,05
D:/HP Computer Backup\Others\2020\01-ThePabbathis\01-Family\02-Memories\01-Pictures\2000-2009\2006\Memorial Day Weekend,IMG_0105.jpg,2006,05
D:/HP Computer Backup\Others\2020\01-ThePabbathis\01-Family\02-Memories\01-Pictures\2000-2009\2006\Memorial Day Weekend,IMG_0108.jpg,2006,05
D:/HP Computer Backup\Others\2020\01-ThePabbathis\01-Family\02-Memories\01-Pictures\2000-2009\2006\Memorial Day Weekend,IMG_0109.jpg,2006,05
D:/HP Computer Backup\Others\2020\01-ThePabbathis\01-Family\02-Memories\01-Pictures\2000-2009\2006\Memorial Day Weekend,IMG_0110.jpg,2006,05
D:/HP Computer Backup\Others\2020\01-ThePabbathis\01-Family\02-Memories\01-Pictures\2000-2009\2006\Memorial Day Weekend,IMG_0111.jpg,2006,05
D:/HP Computer Backup\Others\2020\01-ThePabbathis\01-Family\02-Memories\01-Pictures\2000-2009\2006\Memorial Day Weekend,IMG_0112.jpg,2006,05
D:/HP Computer Backup\Others\2020\01-ThePabbathis\01-Family\02-Memories\01-Pictures\2000-2009\2006\Memorial Day Weekend,IMG_0113.jpg,2006,05
D:/HP Computer Backup\Others\2020\01-ThePabbathis\01-Family\02-Memories\01-Pictures\2000-2009\2006\Memorial Day Weekend,IMG_0114.jpg,2006,05
D:/HP Computer Backup\Others\2020\01-ThePabbathis\01-Family\02-Memories\01-Pictures\2000-2009\2006\Memorial Day Weekend,IMG_0115.jpg,2006,05
D:/HP Computer Backup\Others\2020\01-ThePabbathis\01-Family\02-Memories\01-Pictures\2000-2009\2006\Memorial Day Weekend,IMG_0116.jpg,2006,05
D:/HP Computer Backup\Others\2020\01-ThePabbathis\01-Family\02-Memories\01-Pictures\2000-2009\2006\Memorial Day Weekend,IMG_0117.jpg,2006,05
D:/HP Computer Backup\Others\2020\01-ThePabbathis\01-Family\02-Memories\01-Pictures\2000-2009\2006\Memorial Day Weekend,IMG_0118.jpg,2006,05
D:/HP Computer Backup\Others\2020\01-ThePabbathis\01-Family\02-Memories\01-Pictures\2000-2009\2006\Memorial Day Weekend,IMG_0119.jpg,2006,05
D:/HP Computer Backup\Others\2020\01-ThePabbathis\01-Family\02-Memories\01-Pictures\2000-2009\2006\Memorial Day Weekend,IMG_0120.jpg,2006,05
D:/HP Computer Backup\Others\2020\01-ThePabbathis\01-Family\02-Memories\01-Pictures\2000-2009\2006\Memorial Day Weekend,IMG_0124.jpg,2006,05
D:/HP Computer Backup\Others\2020\01-ThePabbathis\01-Family\02-Memories\01-Pictures\2000-2009\2006\Memorial Day Weekend,IMG_0126.jpg,2006,05
D:/HP Computer Backup\Others\2020\01-ThePabbathis\01-Family\02-Memories\01-Pictures\2000-2009\2006\Memorial Day Weekend,IMG_0127.jpg,2006,05
D:/HP Computer Backup\Others\2020\01-ThePabbathis\01-Family\02-Memories\01-Pictures\2000-2009\2006\Memorial Day Weekend,IMG_0128.jpg,2006,05
D:/HP Computer Backup\Others\2020\01-ThePabbathis\01-Family\02-Memories\01-Pictures\2000-2009\2006\Memorial Day Weekend,IMG_0129.jpg,2006,05
D:/HP Computer Backup\Others\2020\01-ThePabbathis\01-Family\02-Memories\01-Pictures\2000-2009\2006\Memorial Day Weekend,IMG_0133.jpg,2006,05
D:/HP Computer Backup\Others\2020\01-ThePabbathis\01-Family\02-Memories\01-Pictures\2000-2009\2006\Memorial Day Weekend,IMG_0134.jpg,2006,05
D:/HP Computer Backup\Others\2020\01-ThePabbathis\01-Family\02-Memories\01-Pictures\2000-2009\2006\Memorial Day Weekend,IMG_0135.jpg,2006,05
D:/HP Computer Backup\Others\2020\01-ThePabbathis\01-Family\02-Memories\01-Pictures\2000-2009\2006\Memorial Day Weekend,IMG_0136.jpg,2006,05
D:/HP Computer Backup\Others\2020\01-ThePabbathis\01-Family\02-Memories\01-Pictures\2000-2009\2006\Memorial Day Weekend,IMG_0137.jpg,2006,05
D:/HP Computer Backup\Others\2020\01-ThePabbathis\01-Family\02-Memories\01-Pictures\2000-2009\2006\Memorial Day Weekend,IMG_0141.jpg,2006,05
D:/HP Computer Backup\Others\2020\01-ThePabbathis\01-Family\02-Memories\01-Pictures\2000-2009\2006\Memorial Day Weekend,IMG_0142.jpg,2006,05
D:/HP Computer Backup\Others\2020\01-ThePabbathis\01-Family\02-Memories\01-Pictures\2000-2009\2006\Memorial Day Weekend,IMG_0143.jpg,2006,05
D:/HP Computer Backup\Others\2020\01-ThePabbathis\01-Family\02-Memories\01-Pictures\2000-2009\2006\Memorial Day Weekend,IMG_0144.jpg,2006,05
D:/HP Computer Backup\Others\2020\01-ThePabbathis\01-Family\02-Memories\01-Pictures\2000-2009\2006\Memorial Day Weekend,IMG_0145.jpg,2006,05
D:/HP Computer Backup\Others\2020\01-ThePabbathis\01-Family\02-Memories\01-Pictures\2000-2009\2006\Memorial Day Weekend,IMG_0146.jpg,2006,05
D:/HP Computer Backup\Others\2020\01-ThePabbathis\01-Family\02-Memories\01-Pictures\2000-2009\2006\Memorial Day Weekend,IMG_0147.jpg,2006,05
D:/HP Computer Backup\Others\2020\01-ThePabbathis\01-Family\02-Memories\01-Pictures\2000-2009\2006\Memorial Day Weekend,IMG_0148.jpg,2006,05
D:/HP Computer Backup\Others\2020\01-ThePabbathis\01-Family\02-Memories\01-Pictures\2000-2009\2006\Memorial Day Weekend,IMG_0149.jpg,2006,05
D:/HP Computer Backup\Others\2020\01-ThePabbathis\01-Family\02-Memories\01-Pictures\2000-2009\2006\Memorial Day Weekend,IMG_0150.jpg,2006,05
D:/HP Computer Backup\Others\2020\01-ThePabbathis\01-Family\02-Memories\01-Pictures\2000-2009\2006\Memorial Day Weekend,IMG_0151.jpg,2006,05
D:/HP Computer Backup\Others\2020\01-ThePabbathis\01-Family\02-Memories\01-Pictures\2000-2009\2006\Memorial Day Weekend,IMG_0152.jpg,2006,05
D:/HP Computer Backup\Others\2020\01-ThePabbathis\01-Family\02-Memories\01-Pictures\2000-2009\2006\Memorial Day Weekend,IMG_0153.jpg,2006,05
D:/HP Computer Backup\Others\2020\01-ThePabbathis\01-Family\02-Memories\01-Pictures\2000-2009\2006\Memorial Day Weekend,IMG_0154.jpg,2006,05
D:/HP Computer Backup\Others\2020\01-ThePabbathis\01-Family\02-Memories\01-Pictures\2000-2009\2006\Memorial Day Weekend,IMG_0155.jpg,2006,05
D:/HP Computer Backup\Others\2020\01-ThePabbathis\01-Family\02-Memories\01-Pictures\2000-2009\2006\Memorial Day Weekend,IMG_0156.jpg,2006,05
D:/HP Computer Backup\Others\2020\01-ThePabbathis\01-Family\02-Memories\01-Pictures\2000-2009\2006\Memorial Day Weekend,IMG_0157.jpg,2006,05
D:/HP Computer Backup\Others\2020\01-ThePabbathis\01-Family\02-Memories\01-Pictures\2000-2009\2006\Memorial Day Weekend,IMG_0158.jpg,2006,05
D:/HP Computer Backup\Others\2020\01-ThePabbathis\01-Family\02-Memories\01-Pictures\2000-2009\2006\Memorial Day Weekend,IMG_0159.jpg,2006,05
D:/HP Computer Backup\Others\2020\01-ThePabbathis\01-Family\02-Memories\01-Pictures\2000-2009\2006\Memorial Day Weekend,IMG_0160.jpg,2006,05
